{
  "formal_to_informal": {
    "bleu": 0.09962270399964374,
    "rouge1": 0.28740912371383953,
    "rouge2": 0.12032361390138543,
    "rougeL": 0.23842451664448272,
    "bertscore_f1": 0.8267717301845551,
    "num_samples": 25
  },
  "informal_to_formal": {
    "bleu": 0.0452758562314635,
    "rouge1": 0.19821822051827628,
    "rouge2": 0.07020567937956629,
    "rougeL": 0.1715274674496577,
    "bertscore_f1": 0.7945981562137604,
    "num_samples": 25
  }
}