{
  "formal_to_informal": {
    "bleu": 0.1858743905666164,
    "rouge1": 0.4473249486327783,
    "rouge2": 0.25128416881557364,
    "rougeL": 0.3569326834922793,
    "bertscore_f1": 0.8585013270378112,
    "num_samples": 30
  },
  "informal_to_formal": {
    "bleu": 0.20669579812134553,
    "rouge1": 0.38037406141876917,
    "rouge2": 0.18139247505453057,
    "rougeL": 0.355166701894285,
    "bertscore_f1": 0.8201621294021606,
    "num_samples": 30
  }
}