{
  "formal_to_informal": {
    "bleu": 0.06158911337074614,
    "rouge1": 0.20358709837881556,
    "rouge2": 0.05374518647810153,
    "rougeL": 0.15055516629604648,
    "bertscore_f1": 0.8194334924221038,
    "num_samples": 20
  },
  "informal_to_formal": {
    "bleu": 0.017741742362114774,
    "rouge1": 0.16070155298765026,
    "rouge2": 0.014774904214559384,
    "rougeL": 0.14745149916659028,
    "bertscore_f1": 0.8148097157478332,
    "num_samples": 20
  }
}